First name,Surname,Email address
Devi,Acharya,dacharya@brandeis.edu
Ben,Albert,benalbert6@brandeis.edu
Andrew,Allen,ajallen12@brandeis.edu
Conor,Amrien,rconora@brandeis.edu
Saad,Andalib,sandalib@brandeis.edu
Nicholas,April,napril@brandeis.edu
Rachel,Ashe,rashe@brandeis.edu
Anna,Astori,akosauro@brandeis.edu
Adi,Berkowitz,adiberk@brandeis.edu
Remi,Boros,zig500@brandeis.edu
Cam,Braunstein,cbraunstein@brandeis.edu
Maura,Carbone,mauraa@brandeis.edu
Ari,Carr,acarr@brandeis.edu
Jialong,Chen,jlch@brandeis.edu
Siyuan,Chen,sychen1996@brandeis.edu
Yijing,Chen,chenyijing1025@brandeis.edu
Eli,Cohn,ejcohn@brandeis.edu
Jordan,Cooper,jcoop@brandeis.edu
Alexa,Diehl,adiehl@brandeis.edu
William,Edgecomb,wedgeco@brandeis.edu
Jiayi,Fan,floria0126@brandeis.edu
Jacob,Felig,jrussell@brandeis.edu
Josue,Flores,jf4040@brandeis.edu
Aaron,Gold,ahgold@brandeis.edu
Vanio,Goncalves Dos Santos,vanio@brandeis.edu
Daniel,Hakakian,dhaka@brandeis.edu
Benjy,Hechtman,bhecht@brandeis.edu
Mike,Hirsch,mhirsch@brandeis.edu
Zicheng,Hu,season@brandeis.edu
Nicole,Huang,nhuang@brandeis.edu
Fatima,Hussaini,fatima96@brandeis.edu
Emad,Khan,emadkhan@brandeis.edu
Michelle,Kim,michk792@brandeis.edu
Moses,Kim,moseskim@brandeis.edu
Daniel,Klein,themis22@brandeis.edu
Meg,Kobashi,mkobashi@brandeis.edu
Abhishek,Kulkarni,abhishek@brandeis.edu
Dahlia,Kushinsky,dkushins@brandeis.edu
Alexios,Ladikos,alexiosl@brandeis.edu
Austin,Lai,asianski@brandeis.edu
Rachel,Lederer,rlederer@brandeis.edu
Ian,Leeds,ileeds@brandeis.edu
Shuyi,Lei,kellylei@brandeis.edu
Gabriel,Levin,gclevin@brandeis.edu
Zhuohao,Li,zh960422@brandeis.edu
Carl,Lieberman,clieberm@brandeis.edu
Sylvia,Lin,sblin@brandeis.edu
Jeremy,Longfellow,sachio@brandeis.edu
Runjie,Lu,lurunjie@brandeis.edu
Yuanyuan,Ma,yyma@brandeis.edu
Anirudh,Mahajan,amahajan@brandeis.edu
Michael,McGregor,mikem@brandeis.edu
Benyamin,Meschede-Krasa,benmk@brandeis.edu
Jerry,Miller,jnymets5@brandeis.edu
Ellis,Miranda,emiranda@brandeis.edu
Chloe,Newlon,cnewlon8@brandeis.edu
Ryan,Ni,gangyu94@brandeis.edu
Shuyuan,Nie,blackmew@brandeis.edu
John,Novas,jnovas@brandeis.edu
Nora,Owens,nowens@brandeis.edu
Chanwoo,Park,parkchan@brandeis.edu
Zhuyu,Peng,zhuyupeng@brandeis.edu
Elana,Piha,emp@brandeis.edu
Jose,Ramirez,jramirez@brandeis.edu
Karthik,Rangan,kr1996@brandeis.edu
Becca,Rogers,renirog97@brandeis.edu
Sigal,Sax,siggy819@brandeis.edu
Adrianne,Schwarzentruber,atruber@brandeis.edu
Avi,Shapiro,avishapiro58@brandeis.edu
Jiamin,Shen,jmshen@brandeis.edu
Zijie,Shen,jackthesuper@brandeis.edu
Jaiveer,Singh,jaiveer@brandeis.edu
Jon,Spyreas,jspy@brandeis.edu
Claire,Sun,csun@brandeis.edu
Hui,Sun,sh20158@brandeis.edu
Joseph,Tinianow,jtin@brandeis.edu
Coco,Tirambulo,ctirambu@brandeis.edu
Chenyang,Wang,wricky@brandeis.edu
Kevin,Wang,kwang30@brandeis.edu
Skye,Wang,sywang@brandeis.edu
Ziqi,Wang,wangziqi@brandeis.edu
Ben,Weinberg,bweinberg@brandeis.edu
Zachary,Weiss,zweiss@brandeis.edu
Shanshan,Wu,shanshanwu@brandeis.edu
Wenlan,Xu,wenlanxu010@brandeis.edu
Qifu,Yin,yqifu@brandeis.edu
Seth,Zebrack,szebrack@brandeis.edu
Xianzhen,Zhao,xianzhen97@brandeis.edu
Minghan,Zhu,minghanzhu@brandeis.edu
Austin,Zhuang,austinzxp@brandeis.edu